{"cameraMode":{"drawMode":0,"name":"Shaded","section":"Shading Mode"},"sceneLighting":true,"audioPlay":false,"sceneViewState":{"m_AlwaysRefresh":false,"showFog":true,"showSkybox":true,"showFlares":true,"showImageEffects":true,"showParticleSystems":true,"showVisualEffectGraphs":true,"m_FxEnabled":true},"in2DMode":false,"pivot":{"x":31.123865127563478,"y":-8.827073097229004,"z":-103.3417739868164},"rotation":{"x":0.007259438280016184,"y":0.9882087111473084,"z":-0.04925953224301338,"w":0.1451255828142166},"size":57.736473083496097,"orthographic":false}