{"cameraMode":{"drawMode":0,"name":"Shaded","section":"Shading Mode"},"sceneLighting":false,"audioPlay":false,"sceneViewState":{"m_AlwaysRefresh":false,"showFog":true,"showSkybox":false,"showFlares":true,"showImageEffects":true,"showParticleSystems":true,"showVisualEffectGraphs":true,"m_FxEnabled":true},"in2DMode":false,"pivot":{"x":-1.3946666717529297,"y":0.9047514200210571,"z":-1.9536153078079224},"rotation":{"x":0.3158275783061981,"y":0.12616251409053803,"z":-0.04241279512643814,"w":0.9394617676734924},"size":4.330127239227295,"orthographic":false}